Positions	rank_0	rank_1	rank_2	rank_3	rank_4
0	41.37	44.82	46.15	43.98	45.26
1	55.24	53.67	57.91	54.88	56.03
2	62.89	60.44	64.13	61.95	63.27
3	71.46	69.22	73.85	70.14	72.31
4	79.33	77.48	81.26	78.92	80.05
5	84.57	82.63	86.49	83.74	85.12
6	88.91	86.77	90.35	87.68	89.42
7	92.14	90.05	93.58	91.33	92.76
8	94.63	92.84	95.77	93.95	94.88
9	96.27	94.51	97.06	95.22	96.41
10	97.34	95.62	97.88	96.03	97.19
11	96.85	95.07	97.42	95.66	96.73
12	95.92	94.11	96.58	94.82	95.67
13	94.38	92.74	95.21	93.56	94.19
14	92.77	91.02	93.68	91.84	92.55
15	90.64	88.93	91.72	89.51	90.38
16	87.26	85.41	88.37	86.02	87.09
17	82.93	81.17	84.06	81.88	82.74
18	76.58	74.92	77.85	75.44	76.31
19	68.44	66.83	69.71	67.12	68.20
