0.2601	0.9304	2.4003	2.5593	2.8825	3.6264	5.1762	5.4703	5.8908	6.8693	6.4607	7.2999	8.2147	7.2408	7.2605	6.1839	6.4634	6.3633	5.1218	6.8676
0.3936	0.2597	0.3651	0.7886	0.8606	0.7701	1.0634	1.5954	1.9888	1.9016	1.4267	1.7906	2.4564	2.4413	2.6282	2.0645	1.7964	1.2656	1.2455	2.1183
0.6763	0.2815	0.2591	0.2675	0.3687	0.3773	0.4059	0.5230	0.7725	0.9013	0.7630	1.0684	1.2106	1.2841	1.4175	1.2333	1.0690	0.7934	0.8171	1.4173
0.7324	0.4105	0.2659	0.2592	0.2790	0.3887	0.4264	0.4285	0.6522	0.8780	0.7665	1.0509	1.2620	1.2812	1.5058	1.2865	1.1525	0.8162	0.9117	1.5089
0.8014	0.4842	0.3393	0.2663	0.2593	0.2707	0.3640	0.4068	0.4551	0.7048	0.6402	1.0301	1.1207	1.0363	1.2828	1.0275	1.0658	0.8291	0.9196	1.6125
0.9024	0.5183	0.3556	0.3052	0.2630	0.2590	0.2618	0.3299	0.4175	0.5138	0.4431	0.7571	0.9117	0.8969	1.2054	0.8778	0.8008	0.6304	0.7926	1.4000
0.9833	0.5985	0.3878	0.3665	0.3298	0.2727	0.2592	0.2709	0.3885	0.5389	0.4750	0.8206	0.9661	0.9820	1.2418	1.0251	0.9331	0.6979	0.8075	1.3690
1.2178	0.8644	0.5445	0.4745	0.4483	0.3957	0.2766	0.2596	0.3148	0.5923	0.7066	1.0553	1.2222	1.1588	1.6323	1.4776	1.3756	0.9988	1.1085	1.6900
1.4306	1.1797	0.9327	0.6703	0.5685	0.5783	0.4491	0.2821	0.2599	0.3321	0.5979	1.0605	0.9838	1.0090	1.4933	1.4850	1.5207	1.3571	1.4817	2.1214
2.5802	2.0837	1.9054	1.6082	1.0003	0.9770	0.8305	0.6700	0.3545	0.2599	0.4411	0.8348	0.9780	1.1455	2.0508	2.2816	2.3533	2.1974	2.5228	3.1123
2.8158	2.2272	1.6306	1.6382	1.4227	0.9563	0.8940	0.8965	0.7311	0.3432	0.2601	0.3474	0.6979	0.9529	1.5196	1.4872	1.5417	1.4295	1.9202	2.5695
2.6726	2.2600	1.6676	1.6299	1.6752	1.2256	0.9308	1.3239	1.2879	0.9100	0.3033	0.2600	0.3315	0.7102	1.2061	1.4691	1.5148	1.4378	1.8135	2.4868
3.3717	2.7454	2.1167	2.1345	2.0330	1.5867	1.3532	1.7069	1.5376	1.0921	0.6406	0.3570	0.2603	0.3887	1.0180	1.4127	1.7928	1.6923	2.2603	2.9989
3.6586	2.9044	2.5780	2.7800	2.3333	1.7089	1.8651	2.0440	1.5441	1.2350	1.0697	0.8528	0.3404	0.2602	0.5088	0.9369	1.5933	1.8943	2.3111	3.1035
3.7498	2.8102	2.7406	2.9825	2.5757	1.8049	2.1565	2.1766	1.6390	1.4096	1.3225	1.1712	0.7823	0.3431	0.2601	0.4513	0.9764	1.5729	1.8978	2.6975
2.3817	1.8258	1.4274	1.7995	1.6805	1.2177	1.4731	1.6464	1.4527	1.3482	1.0931	1.1560	0.9958	0.6032	0.3372	0.2597	0.3041	0.5976	1.0140	1.6396
2.3287	1.7024	1.3511	1.7340	1.7270	1.2306	1.5359	1.8738	1.6802	1.6358	1.3305	1.3875	1.5185	1.2337	0.9019	0.2985	0.2600	0.3199	0.6322	1.3427
2.0519	1.4526	1.1869	1.4754	1.5864	1.1450	1.4539	1.7362	1.7728	1.7233	1.2839	1.3509	1.6738	1.5220	1.1458	0.6669	0.2986	0.2596	0.3306	1.1003
3.1162	1.8917	1.9142	2.5083	2.4931	1.7768	2.4041	3.0911	2.9999	2.9475	1.7975	1.8440	2.6903	2.5684	2.2825	1.7613	0.9754	0.3599	0.2601	0.6586
7.2826	5.1482	4.6392	6.7308	6.5560	4.8447	7.2602	8.3932	6.7419	6.5047	6.1335	6.2415	7.1969	5.7627	5.2124	4.1864	3.7864	2.5094	0.7870	0.2610
